{"accuracy": [0.6671428595270429, 0.6671428595270429, 0.6800000071525574, 0.6928571462631226, 0.6942857078143528, 0.7014285751751491, 0.7057142768587384, 0.6928571462631226, 0.7092857105391366, 0.7100000126021249], "loss": [0.6519990563392639, 0.6537892307553973, 0.6484663741929191, 0.6434594818523952, 0.6384793605123248, 0.6367584722382682, 0.63218435219356, 0.6314615436962673, 0.6294230903897967, 0.6267281685556684], "leakage": [0.024553562034300806, 0.025279778386044897, 0.029456304897585186, 0.034007063407237935, 0.03174274915191693, 0.027973177199739664, 0.031129193419365184, 0.030751022132971925, 0.030957793713006183, 0.02980952141806803], "latency": [2.841156867947113, 2.578897151861509, 2.204527668990745, 2.5063708413623815, 3.499759520123278, 3.2850389870538264, 1.9898655183872882, 3.0142796627357145, 3.4670620197902755, 1.5385453385416175], "epsilon": [44.82896435824897, 74.28354460542715, 101.07498611100642, 126.19250233378212, 151.06853539163336, 174.6305749218631, 197.72974847558208, 220.8289220293011, 243.9280955830201, 267.0272691367391]}