{"accuracy": [0.44699999690055847, 0.5234999984502793, 0.5490000039339066, 0.6209999978542328, 0.6259999990463256, 0.6589999973773957, 0.6905000030994415, 0.7095000088214874, 0.7240000009536743, 0.75450000166893], "loss": [0.7225684285163879, 0.7033095896244049, 0.6944976270198822, 0.6735265851020813, 0.6679964661598206, 0.6597260653972625, 0.6428781270980835, 0.6345901012420654, 0.6250828027725219, 0.6130348563194274], "leakage": [0.023290923667445736, 0.02692269805165517, 0.029472493872697417, 0.02903397635290866, 0.030148747870704578, 0.027049447128662807, 0.038004984640052725, 0.04329112456257697, 0.03090623836741413, 0.036969277664380164], "latency": [3.6103846475628765, 2.8111454025870595, 1.115873638475795, 4.709336361372846, 1.4008818867902044, 1.806921057008775, 1.29904369007364, 4.450745738824039, 4.494784525876935, 3.3424756705528456], "epsilon": [58.35541183313221, 97.97581255728741, 134.29167588750113, 169.2586740954168, 202.56445921938374, 235.8702443433507, 269.1760294673176, 300.81167329479376, 331.5554749476863, 362.2992766005789]}