{"accuracy": [0.55799999833107, 0.5709999918937683, 0.6020000040531158, 0.6615000069141388, 0.7004999995231629, 0.7120000004768372, 0.7304999947547912, 0.7444999933242797, 0.7489999979734421, 0.7619999945163727], "loss": [0.6815874814987183, 0.6753619849681854, 0.6634274423122406, 0.6481405198574066, 0.636617237329483, 0.6272823870182037, 0.6291100680828094, 0.6185366570949554, 0.6132482409477233, 0.6080684840679169], "leakage": [0.03077263886399878, 0.026421752641474658, 0.03113210539541948, 0.028127478941566385, 0.037551491699757786, 0.032169882895963876, 0.03362855520069953, 0.03020525587673276, 0.0294293203541205, 0.036233350881478485], "latency": [4.1231256721965615, 3.1563995634932116, 3.188068693265858, 3.2420587113747428, 2.9521069615352316, 2.3622671306852645, 3.6632933540044865, 2.5918824596422207, 3.2186661186875165, 4.289637300704444], "epsilon": [Infinity, Infinity, Infinity, Infinity, Infinity, Infinity, Infinity, Infinity, Infinity, Infinity]}