{"accuracy": [0.5114999949932099, 0.5349999904632569, 0.5999999970197678, 0.6685000002384186, 0.7060000121593475, 0.7109999895095825, 0.7375, 0.7324999928474426, 0.7450000047683716, 0.7434999942779541], "loss": [0.6922931730747223, 0.6887548506259918, 0.6796955049037934, 0.665922349691391, 0.6546164810657501, 0.6480642199516297, 0.6353994488716126, 0.6357180058956147, 0.6263525784015656, 0.6287640273571015], "leakage": [0.03394949843235523, 0.028803639062546783, 0.04737268006945953, 0.02429007999746921, 0.03215682935830958, 0.038170921840861835, 0.03119200253691931, 0.0301809395229828, 0.030909344398207562, 0.02810144561603266], "latency": [2.355471617421499, 4.261251012054843, 1.4551168908454548, 2.159041637559952, 1.3718905204816747, 2.12977917147961, 3.201435735390708, 4.618128648791081, 1.6557851545056035, 3.9860541559025564], "epsilon": [Infinity, Infinity, Infinity, Infinity, Infinity, Infinity, Infinity, Infinity, Infinity, Infinity]}